Title,YouTube URL,Description URL,Description URL Status
What Is Chrome For Testing? How To Use Chrome For Testing? Selenium Python Tutorial,https://youtube.com/watch?v=iqPbTak_0gU,https://www.supersqa.com/qa-automatio...,
What Is Chrome For Testing? How To Use Chrome For Testing? Selenium Python Tutorial,https://youtube.com/watch?v=iqPbTak_0gU,https://www.supersqa.com/sql-course,The URL is valid and the website is up and running
What Is Chrome For Testing? How To Use Chrome For Testing? Selenium Python Tutorial,https://youtube.com/watch?v=iqPbTak_0gU,https://www.supersqa.com/qa-automatio...,
MySQL for Beginners: Loading the Sample Database 'Employees' Using CLI,https://youtube.com/watch?v=CIWKBLd3AyA,https://www.supersqa.com/sql-course,The URL is valid and the website is up and running
MySQL for Beginners: Loading the Sample Database 'Employees' Using CLI,https://youtube.com/watch?v=CIWKBLd3AyA,https://www.supersqa.com/qa-automatio...,
MySQL for Beginners: Loading the Sample Database 'Employees' Using CLI,https://youtube.com/watch?v=CIWKBLd3AyA,https://dev.mysql.com/doc/index-other...,
MySQL for Beginners: Loading the Sample Database 'Employees' Using CLI,https://youtube.com/watch?v=CIWKBLd3AyA,https://www.supersqa.com/sql-course,The URL is valid and the website is up and running
MySQL for Beginners: Loading the Sample Database 'Employees' Using CLI,https://youtube.com/watch?v=CIWKBLd3AyA,https://www.supersqa.com/qa-automatio...,
MySQL for Beginners: Loading the Sample Database 'Employees' Using CLI,https://youtube.com/watch?v=CIWKBLd3AyA,https://www.supersqa.com,The URL is valid and the website is up and running
Selenium With Python Example For Beginners: Search For Product That does Not Exist,https://youtube.com/watch?v=FeTjrMgxhO4,https://www.supersqa.com/qa-automatio...,
Selenium With Python Example For Beginners: Search For Product That does Not Exist,https://youtube.com/watch?v=FeTjrMgxhO4,https://www.supersqa.com,The URL is valid and the website is up and running
Selenium With Python Example For Beginners: Search For Product That does Not Exist,https://youtube.com/watch?v=FeTjrMgxhO4,http://demostore.supersqa.com,The URL is valid and the website is up and running
Selenium With Python Example For Beginners: Search For Product That does Not Exist,https://youtube.com/watch?v=FeTjrMgxhO4,https://www.supersqa.com/qa-automatio...,
Selenium With Python: How to use debugger to pause script and interact with browser (PDB),https://youtube.com/watch?v=elqFi2EtD9s,https://www.supersqa.com/python-course-1,The URL is valid and the website is up and running
Selenium With Python: How to use debugger to pause script and interact with browser (PDB),https://youtube.com/watch?v=elqFi2EtD9s,https://www.supersqa.com/Selenium-course,The URL is valid and the website is up and running
Selenium With Python: How to use debugger to pause script and interact with browser (PDB),https://youtube.com/watch?v=elqFi2EtD9s,https://www.supersqa.com/qa-automatio...,
Selenium With Python: How to use debugger to pause script and interact with browser (PDB),https://youtube.com/watch?v=elqFi2EtD9s,https://m.do.co/c/b611ef1d7648,
Selenium With Python Example For Beginners: Verify Error Message For Invalid Login,https://youtube.com/watch?v=KwB0l8RBt60,"http://demostore.supersqa.com),","The URL is valid but the website is not up and running error: HTTPConnectionPool(host='demostore.supersqa.com),', port=80): Max retries exceeded with url: / (Caused by NewConnectionError('<urllib3.connection.HTTPConnection object at 0x00000276A7C1A750>: Failed to establish a new connection: [Errno 11001] getaddrinfo failed'))"
Selenium With Python Example For Beginners: Verify Error Message For Invalid Login,https://youtube.com/watch?v=KwB0l8RBt60,https://www.supersqa.com/python-course-1,The URL is valid and the website is up and running
Selenium With Python Example For Beginners: Verify Error Message For Invalid Login,https://youtube.com/watch?v=KwB0l8RBt60,https://www.supersqa.com/Selenium-course,The URL is valid and the website is up and running
Selenium With Python Example For Beginners: Verify Error Message For Invalid Login,https://youtube.com/watch?v=KwB0l8RBt60,https://www.supersqa.com/qa-automatio...,
Selenium With Python Example For Beginners: Verify Error Message For Invalid Login,https://youtube.com/watch?v=KwB0l8RBt60,https://m.do.co/c/b611ef1d7648,
MySQL for Beginners: Loading the Sample 'SAKILA' Database Using CLI and Workbench,https://youtube.com/watch?v=HPFhG3Z4uMI,https://www.supersqa.com/sql-course,The URL is valid and the website is up and running
MySQL for Beginners: Loading the Sample 'SAKILA' Database Using CLI and Workbench,https://youtube.com/watch?v=HPFhG3Z4uMI,https://www.supersqa.com/qa-automatio...,
MySQL for Beginners: Loading the Sample 'SAKILA' Database Using CLI and Workbench,https://youtube.com/watch?v=HPFhG3Z4uMI,https://dev.mysql.com/doc/index-other...,
MySQL for Beginners: Loading the Sample 'SAKILA' Database Using CLI and Workbench,https://youtube.com/watch?v=HPFhG3Z4uMI,https://www.supersqa.com/sql-course,The URL is valid and the website is up and running
MySQL for Beginners: Loading the Sample 'SAKILA' Database Using CLI and Workbench,https://youtube.com/watch?v=HPFhG3Z4uMI,https://www.supersqa.com/qa-automatio...,
MySQL for Beginners: Loading the Sample 'SAKILA' Database Using CLI and Workbench,https://youtube.com/watch?v=HPFhG3Z4uMI,https://www.supersqa.com,The URL is valid and the website is up and running
MySQL for Beginners: Loading the Sample 'WORLD' Database Using CLI and Workbench,https://youtube.com/watch?v=6q91bNswI5w,https://www.supersqa.com/sql-course,The URL is valid and the website is up and running
MySQL for Beginners: Loading the Sample 'WORLD' Database Using CLI and Workbench,https://youtube.com/watch?v=6q91bNswI5w,https://www.supersqa.com/qa-automatio...,
MySQL for Beginners: Loading the Sample 'WORLD' Database Using CLI and Workbench,https://youtube.com/watch?v=6q91bNswI5w,https://dev.mysql.com/doc/index-other...,
MySQL for Beginners: Loading the Sample 'WORLD' Database Using CLI and Workbench,https://youtube.com/watch?v=6q91bNswI5w,https://www.supersqa.com/sql-course,The URL is valid and the website is up and running
MySQL for Beginners: Loading the Sample 'WORLD' Database Using CLI and Workbench,https://youtube.com/watch?v=6q91bNswI5w,https://www.supersqa.com/qa-automatio...,
MySQL for Beginners: Loading the Sample 'WORLD' Database Using CLI and Workbench,https://youtube.com/watch?v=6q91bNswI5w,https://www.supersqa.com,The URL is valid and the website is up and running
SQL Introduction: What is SQL? What Is It Used For and Examples,https://youtube.com/watch?v=I0tRTyRvVO0,https://www.supersqa.com/sql-course,The URL is valid and the website is up and running
SQL Introduction: What is SQL? What Is It Used For and Examples,https://youtube.com/watch?v=I0tRTyRvVO0,https://www.supersqa.com/qa-automatio...,
SQL Introduction: What is SQL? What Is It Used For and Examples,https://youtube.com/watch?v=I0tRTyRvVO0,https://www.supersqa.com/sql-course,The URL is valid and the website is up and running
SQL Introduction: What is SQL? What Is It Used For and Examples,https://youtube.com/watch?v=I0tRTyRvVO0,https://www.supersqa.com/qa-automatio...,
SQL Introduction: What is SQL? What Is It Used For and Examples,https://youtube.com/watch?v=I0tRTyRvVO0,https://www.supersqa.com,The URL is valid and the website is up and running
Python Practice Exercise: Monitoring Database Availability,https://youtube.com/watch?v=lGpdjn5B-C4,https://m.do.co/c/b611ef1d7648,
Python Practice Exercise: Monitoring Database Availability,https://youtube.com/watch?v=lGpdjn5B-C4,https://www.supersqa.com/,The URL is valid and the website is up and running
Python Practice Exercise: Monitoring Database Availability,https://youtube.com/watch?v=lGpdjn5B-C4,https://www.supersqa.com/sql-course,The URL is valid and the website is up and running
Python Practice Exercise: Monitoring Database Availability,https://youtube.com/watch?v=lGpdjn5B-C4,https://www.supersqa.com/bootcamp,The URL is valid and the website is up and running
Python Practice Exercise: Monitoring Database Availability,https://youtube.com/watch?v=lGpdjn5B-C4,https://www.supersqa.com/qa-automatio...,
Hacked in Hours: Exposing the Danger of 'password' as Your Password,https://youtube.com/watch?v=AW7-sdyjqTs,https://m.do.co/c/b611ef1d7648,
Hacked in Hours: Exposing the Danger of 'password' as Your Password,https://youtube.com/watch?v=AW7-sdyjqTs,https://www.supersqa.com/,The URL is valid and the website is up and running
Hacked in Hours: Exposing the Danger of 'password' as Your Password,https://youtube.com/watch?v=AW7-sdyjqTs,https://www.supersqa.com/sql-course,The URL is valid and the website is up and running
Hacked in Hours: Exposing the Danger of 'password' as Your Password,https://youtube.com/watch?v=AW7-sdyjqTs,https://www.supersqa.com/bootcamp,The URL is valid and the website is up and running
Hacked in Hours: Exposing the Danger of 'password' as Your Password,https://youtube.com/watch?v=AW7-sdyjqTs,https://www.supersqa.com/qa-automatio...,
Easy MySQL Setup with MAMP on Windows & Mac: A Step-by-Step Installation Guide,https://youtube.com/watch?v=NeKCxREY_Lk,https://www.mamp.info/en/downloads/,The URL is valid and the website is up and running
Easy MySQL Setup with MAMP on Windows & Mac: A Step-by-Step Installation Guide,https://youtube.com/watch?v=NeKCxREY_Lk,https://www.supersqa.com/sql-course,The URL is valid and the website is up and running
Easy MySQL Setup with MAMP on Windows & Mac: A Step-by-Step Installation Guide,https://youtube.com/watch?v=NeKCxREY_Lk,https://www.supersqa.com/qa-automatio...,
Easy MySQL Setup with MAMP on Windows & Mac: A Step-by-Step Installation Guide,https://youtube.com/watch?v=NeKCxREY_Lk,https://www.supersqa.com/bootcamp,The URL is valid and the website is up and running
Easy MySQL Setup with MAMP on Windows & Mac: A Step-by-Step Installation Guide,https://youtube.com/watch?v=NeKCxREY_Lk,https://www.supersqa.com,The URL is valid and the website is up and running
"Promo: QA Automation Bootcamp - March 26, 2024 Session",https://youtube.com/watch?v=xFl3AQis2j4,https://supersqa.com/bootcamp.,
"Promo: QA Automation Bootcamp - March 26, 2024 Session",https://youtube.com/watch?v=xFl3AQis2j4,https://supersqa.com/bootcamp,
"Promo: QA Automation Bootcamp - March 26, 2024 Session",https://youtube.com/watch?v=xFl3AQis2j4,https://supersqa.com/bootcamp.,
"Promo: QA Automation Bootcamp - March 26, 2024 Session",https://youtube.com/watch?v=xFl3AQis2j4,https://supersqa.com/bootcamp.,
"SQL Basics (MySQL): Time Functions, Learn NOW(), CURDATE(), CURTIME()",https://youtube.com/watch?v=X3UqdP5K_NU,https://www.supersqa.com/sql-course,The URL is valid and the website is up and running
"SQL Basics (MySQL): Time Functions, Learn NOW(), CURDATE(), CURTIME()",https://youtube.com/watch?v=X3UqdP5K_NU,https://www.supersqa.com/qa-automatio...,
How To Install TestLink With Docker Compose On Remote Server,https://youtube.com/watch?v=UaAFPJcPEEk,https://github.com/super-sqa/testlink...,
How To Install TestLink With Docker Compose On Remote Server,https://youtube.com/watch?v=UaAFPJcPEEk,https://m.do.co/c/b611ef1d7648,
"How to Get a Free Server for 2 Months with Digital Ocean: After the 2 Months, $6/Month",https://youtube.com/watch?v=ednEN-uOkbU,https://m.do.co/c/b611ef1d7648,
"How to Get a Free Server for 2 Months with Digital Ocean: After the 2 Months, $6/Month",https://youtube.com/watch?v=ednEN-uOkbU,https://m.do.co/c/b611ef1d7648,
Learn How To Become QA Automation Engineer - Webinar,https://youtube.com/watch?v=sAMaRweXAtw,https://supersqa.mykajabi.com/optin-q...,
Learn How To Become QA Automation Engineer - Webinar,https://youtube.com/watch?v=sAMaRweXAtw,https://supersqa.com,
Learn How To Become QA Automation Engineer - Webinar,https://youtube.com/watch?v=sAMaRweXAtw,https://supersqa.com/bootcamp,
Learn How To Become QA Automation Engineer - Webinar,https://youtube.com/watch?v=sAMaRweXAtw,https://www.udemy.com/course/selenium...,
Jumpstart Your Career in Software QA: An Introductory Webinar,https://youtube.com/watch?v=geMjVFeNRQo,https://supersqa.com/bootcamp/,
Jumpstart Your Career in Software QA: An Introductory Webinar,https://youtube.com/watch?v=geMjVFeNRQo,https://supersqa.com/,
Learn Python Virtual Environments in Two Easy Videos - PART 2 OF 2 (2023 Version),https://youtube.com/watch?v=XfPdSEDeNB4,https://supersqa.com/bootcamp/,
Learn Python Virtual Environments in Two Easy Videos - PART 2 OF 2 (2023 Version),https://youtube.com/watch?v=XfPdSEDeNB4,https://supersqa.com/4-for-1/,
Learn Python Virtual Environments in Two Easy Videos - PART 1 OF 2 (2023 Version),https://youtube.com/watch?v=tiSrZPwrCJY,https://supersqa.com/bootcamp/,
Learn Python Virtual Environments in Two Easy Videos - PART 1 OF 2 (2023 Version),https://youtube.com/watch?v=tiSrZPwrCJY,https://supersqa.com/4-for-1/,
QA Bootcamp Automation June 10th Batch,https://youtube.com/watch?v=XtkPlFy3cio,https://supersqa.com/bootcamp/,
Create Real E-Commerce Site for QA Testing: Configuring The Site - (Part 2 of 3),https://youtube.com/watch?v=w47JR3aoTNw,"http://demostore.supersqa.com"".","The URL is valid but the website is not up and running error: HTTPConnectionPool(host='demostore.supersqa.com%22.', port=80): Max retries exceeded with url: / (Caused by NewConnectionError('<urllib3.connection.HTTPConnection object at 0x00000276AD7A64B0>: Failed to establish a new connection: [Errno 11001] getaddrinfo failed'))"
Create Real E-Commerce Site for QA Testing: Installing WordPress - (Part 1 of 3),https://youtube.com/watch?v=KhLGXIxeJLI,http://demostore.supersqa.com/.,The URL is valid and the website is up and running
Create Real E-Commerce Site for QA Testing: Installing WordPress - (Part 1 of 3),https://youtube.com/watch?v=KhLGXIxeJLI,https://supersqa.com/how-to-create-a-...,
Create Real E-Commerce Site for QA Testing: Installing WordPress - (Part 1 of 3),https://youtube.com/watch?v=KhLGXIxeJLI,https://supersqa.com/,
Create Real E-Commerce Site for QA Testing: Installing WordPress - (Part 1 of 3),https://youtube.com/watch?v=KhLGXIxeJLI,https://supersqa.com/bootcamp/,
Create Real E-Commerce Site for QA Testing: Installing WordPress - (Part 1 of 3),https://youtube.com/watch?v=KhLGXIxeJLI,http://demostore.supersqa.com/,The URL is valid and the website is up and running
How to Install TestLink on Mac & Windows using MAMP | Complete Guide,https://youtube.com/watch?v=RpfDCMyy4vo,https://github.com/TestLinkOpenSource...,
How to Install TestLink on Mac & Windows using MAMP | Complete Guide,https://youtube.com/watch?v=RpfDCMyy4vo,https://testlink.org/,The URL is valid and the website is up and running
How to Install TestLink on Mac & Windows using MAMP | Complete Guide,https://youtube.com/watch?v=RpfDCMyy4vo,https://supersqa.com/,
How to Install TestLink on Mac & Windows using MAMP | Complete Guide,https://youtube.com/watch?v=RpfDCMyy4vo,https://supersqa.com/bootcamp/,
What is Terminal / CMD / Command line for beginners,https://youtube.com/watch?v=J2jvpnwt1jU,https://supersqa.com/command-line-che...,
What is Terminal / CMD / Command line for beginners,https://youtube.com/watch?v=J2jvpnwt1jU,https://supersqa.com/,
Introduction to QA Webinar: QA Automation Bootcamp,https://youtube.com/watch?v=siM4bORy0kA,https://supersqa.com/bootcamp/,
Introduction to QA Webinar: QA Automation Bootcamp,https://youtube.com/watch?v=siM4bORy0kA,https://supersqa.com/,
Python For Beginners Example - Dictionary and For Loop - Print Value If Exists,https://youtube.com/watch?v=BebUwnVku4A,https://supersqa.com/courses/selenium...,
Python For Beginners Example - Dictionary and For Loop - Print Value If Exists,https://youtube.com/watch?v=BebUwnVku4A,https://supersqa.com/bootcamp/,
QA Automation Bootcamp Promo,https://youtube.com/watch?v=9AZzfwBhv60,https://supersqa.com/bootcamp/,
Selenium Python Example For Beginners - End-to-End Checkout E-Commerce,https://youtube.com/watch?v=XS4uoYcTVcA,http://supersqa.com/yt/seleniumexampl...,
Selenium Python Example For Beginners - End-to-End Checkout E-Commerce,https://youtube.com/watch?v=XS4uoYcTVcA,https://supersqa.com/4-for-1/,
Selenium Python Example For Beginners - End-to-End Checkout E-Commerce,https://youtube.com/watch?v=XS4uoYcTVcA,https://supersqa.com/courses/introduc...,
Selenium Python Example For Beginners - End-to-End Checkout E-Commerce,https://youtube.com/watch?v=XS4uoYcTVcA,https://supersqa.com/courses/create-e...,
Selenium Python Example For Beginners - End-to-End Checkout E-Commerce,https://youtube.com/watch?v=XS4uoYcTVcA,https://docs.google.com/spreadsheets/...,
Selenium Python Example For Beginners - Verify Removing Item from Cart,https://youtube.com/watch?v=RoTg6auuPGU,http://supersqa.com/yt/seleniumexampl...,
Selenium Python Example For Beginners - Verify Removing Item from Cart,https://youtube.com/watch?v=RoTg6auuPGU,https://supersqa.com/4-for-1/,
Selenium Python Example For Beginners - Verify Removing Item from Cart,https://youtube.com/watch?v=RoTg6auuPGU,https://supersqa.com/courses/introduc...,
Selenium Python Example For Beginners - Verify Removing Item from Cart,https://youtube.com/watch?v=RoTg6auuPGU,https://supersqa.com/courses/create-e...,
Selenium Python Example For Beginners - Verify Removing Item from Cart,https://youtube.com/watch?v=RoTg6auuPGU,https://docs.google.com/spreadsheets/...,
Software Testing (QA) Introduction - pt 9 - What Is Automation?,https://youtube.com/watch?v=4TfWIwLQQEg,http://supersqa.com/selenium-python-f...,
Software Testing (QA) Introduction - pt 9 - What Is Automation?,https://youtube.com/watch?v=4TfWIwLQQEg,https://supersqa.com/4-for-1/,
Software Testing (QA) Introduction - pt 9 - What Is Automation?,https://youtube.com/watch?v=4TfWIwLQQEg,https://supersqa.com/courses/create-e...,
Software Testing (QA) Introduction - pt 8 - What Is Manual Testing?,https://youtube.com/watch?v=3P1cl34zF6k,http://supersqa.com/selenium-python-f...,
Software Testing (QA) Introduction - pt 8 - What Is Manual Testing?,https://youtube.com/watch?v=3P1cl34zF6k,https://supersqa.com/4-for-1/,
Software Testing (QA) Introduction - pt 8 - What Is Manual Testing?,https://youtube.com/watch?v=3P1cl34zF6k,https://supersqa.com/courses/create-e...,
Software Testing (QA) Introduction - pt 7 - Test Case Examples,https://youtube.com/watch?v=yzxeZQUA4oA,http://supersqa.com/selenium-python-f...,
Software Testing (QA) Introduction - pt 7 - Test Case Examples,https://youtube.com/watch?v=yzxeZQUA4oA,https://supersqa.com/4-for-1/,
Software Testing (QA) Introduction - pt 7 - Test Case Examples,https://youtube.com/watch?v=yzxeZQUA4oA,https://supersqa.com/courses/create-e...,
Software Testing (QA) Introduction - pt 6 - Types of Testing,https://youtube.com/watch?v=9-HxFnVF3LQ,http://supersqa.com/selenium-python-f...,
Software Testing (QA) Introduction - pt 6 - Types of Testing,https://youtube.com/watch?v=9-HxFnVF3LQ,https://supersqa.com/4-for-1/,
Software Testing (QA) Introduction - pt 6 - Types of Testing,https://youtube.com/watch?v=9-HxFnVF3LQ,https://supersqa.com/courses/create-e...,
Software Testing (QA) Introduction - pt 5 - QA's Role In a Company,https://youtube.com/watch?v=ZWpgf8HWi6Y,http://supersqa.com/selenium-python-f...,
Software Testing (QA) Introduction - pt 5 - QA's Role In a Company,https://youtube.com/watch?v=ZWpgf8HWi6Y,https://supersqa.com/4-for-1/,
Software Testing (QA) Introduction - pt 5 - QA's Role In a Company,https://youtube.com/watch?v=ZWpgf8HWi6Y,https://supersqa.com/courses/create-e...,
Software Testing (QA) Introduction - pt 4 - Why is QA Interesting?,https://youtube.com/watch?v=grO6RDMH4GY,http://supersqa.com/selenium-python-f...,
Software Testing (QA) Introduction - pt 4 - Why is QA Interesting?,https://youtube.com/watch?v=grO6RDMH4GY,https://supersqa.com/4-for-1/,
Software Testing (QA) Introduction - pt 4 - Why is QA Interesting?,https://youtube.com/watch?v=grO6RDMH4GY,https://supersqa.com/courses/create-e...,
Software Testing (QA) Introduction - pt 3 - Automation Demo & Coupons,https://youtube.com/watch?v=b057MopTa7s,http://supersqa.com/selenium-python-f...,
Software Testing (QA) Introduction - pt 3 - Automation Demo & Coupons,https://youtube.com/watch?v=b057MopTa7s,https://supersqa.com/4-for-1/,
Software Testing (QA) Introduction - pt 3 - Automation Demo & Coupons,https://youtube.com/watch?v=b057MopTa7s,https://supersqa.com/courses/create-e...,
Software Testing (QA) Introduction - pt 2 - What is QA/QE?,https://youtube.com/watch?v=WYmv6C3eAIM,http://supersqa.com/selenium-python-f...,
Software Testing (QA) Introduction - pt 2 - What is QA/QE?,https://youtube.com/watch?v=WYmv6C3eAIM,https://supersqa.com/4-for-1/,
Software Testing (QA) Introduction - pt 2 - What is QA/QE?,https://youtube.com/watch?v=WYmv6C3eAIM,https://supersqa.com/courses/create-e...,
Software Testing (QA) Introduction - pt 1 - Course Introduction,https://youtube.com/watch?v=2aCagt-J0Io,http://supersqa.com/selenium-python-f...,
Software Testing (QA) Introduction - pt 1 - Course Introduction,https://youtube.com/watch?v=2aCagt-J0Io,https://supersqa.com/4-for-1/,
Software Testing (QA) Introduction - pt 1 - Course Introduction,https://youtube.com/watch?v=2aCagt-J0Io,https://supersqa.com/courses/create-e...,
Selenium WebDriver with Python Crash Course,https://youtube.com/watch?v=MWxifZJDCG8,https://supersqa.com/bootcamp/,
Selenium WebDriver with Python Crash Course,https://youtube.com/watch?v=MWxifZJDCG8,https://supersqa.com/4-for-1/,
Selenium WebDriver with Python Crash Course,https://youtube.com/watch?v=MWxifZJDCG8,http://supersqa.com/selenium-python-f...,
Selenium WebDriver with Python Crash Course,https://youtube.com/watch?v=MWxifZJDCG8,https://supersqa.com/courses/introduc...,
Selenium WebDriver with Python Crash Course,https://youtube.com/watch?v=MWxifZJDCG8,https://supersqa.com/courses/create-e...,
Selenium WebDriver with Python Crash Course,https://youtube.com/watch?v=MWxifZJDCG8,https://docs.google.com/spreadsheets/...,
Install and Crete Python Virtual Environment on Windows (Python 2 and Python 3),https://youtube.com/watch?v=jtRhUp1z9wI,https://supersqa.com,
Install and Crete Python Virtual Environment on Windows (Python 2 and Python 3),https://youtube.com/watch?v=jtRhUp1z9wI,https://supersqa.com/4-for-1/,
Install and Crete Python Virtual Environment on Windows (Python 2 and Python 3),https://youtube.com/watch?v=jtRhUp1z9wI,https://supersqa.com,
How to Install Python 3 (and 2) on Mac,https://youtube.com/watch?v=LQpxup17Wv8,https://supersqa.com,
How to Install Python 3 (and 2) on Mac,https://youtube.com/watch?v=LQpxup17Wv8,https://supersqa.com/4-for-1/,
What is Python Virtual Environment and How to Use It,https://youtube.com/watch?v=iSDwU-I35N0,https://supersqa.com,
What is Python Virtual Environment and How to Use It,https://youtube.com/watch?v=iSDwU-I35N0,https://supersqa.com/4-for-1/,
How to install multiple versions of Python on Windows (Python 2 Python 3),https://youtube.com/watch?v=gvPiD9GlxQk,https://supersqa.com,
How to install multiple versions of Python on Windows (Python 2 Python 3),https://youtube.com/watch?v=gvPiD9GlxQk,https://supersqa.com/4-for-1/,
Setup WooCommerce API and Test It with Postman and Python,https://youtube.com/watch?v=Vq6rAVfqK3k,https://supersqa.com,
Setup WooCommerce API and Test It with Postman and Python,https://youtube.com/watch?v=Vq6rAVfqK3k,https://supersqa.com/4-for-1/,
Changing Window Size with Selenium Webdriver and Python,https://youtube.com/watch?v=o9-gir-Nqb4,https://www.udemy.com/course/selenium...,
Passing parameters (arguments) to steps - BDD with Python (Cucumber/Behave/Gherkin),https://youtube.com/watch?v=jVJry1jx2dk,http://supersqa.com/youtube/bdd,
Feature file explained - BDD with Python (Cucumber / Gherkin / Behave),https://youtube.com/watch?v=8l-2CBngZX0,http://supersqa.com/youtube/bdd,
Implicit Wait Vs. Explicit Wait - Selenium WebDriver with Python,https://youtube.com/watch?v=uA9T4YL1pLs,https://www.udemy.com/course/selenium...,
